1239900034818326528 2020-03-17 13:02:59 UTC <Google> Hi Meg. Just to confirm, have you already tried recovering your account using the steps here:  http://g.co/help/me623 ? These tips may help:  http://g.co/help/gqq63 . Let us know.
1239896308506341377 2020-03-17 12:48:10 UTC <Google> Glad you're happy with the experience! Keep us posted with additional thoughts on Google Assistant.
1239880418360528902 2020-03-17 11:45:02 UTC <Google> Hi Lucky. Just to confirm, have you already tried recovering your account using the steps here:  http://g.co/help/me623 ? These tips may help:  http://g.co/help/gqq63 . Let us know.
1239877910422585345 2020-03-17 11:35:04 UTC <Google> Hi Hensen. Try recovering your username here:  http://g.co/help/emeqg . You will need to know the name on the account and one of the recovery options to recover your username. Hope this helps.
1239854038272925698 2020-03-17 10:00:12 UTC <Google> Hi there. Just to confirm, are you still able to sign into your account? Let us know.
1239848050266451968 2020-03-17 09:36:25 UTC <Google> Hi Saswat. While you can't merge accounts, you may be able to download and re-import some data:  http://g.co/help/zqux1 . Hope this helps.
1239847444734717952 2020-03-17 09:34:00 UTC <Google> Hi Simon. Here's some advice for determining if an email is genuine:  http://g.co/help/8hg4c . Hope this helps.
1239839383211184131 2020-03-17 09:01:58 UTC <Google> Hi there. We'd like to move this conversation to DM. Please follow us and let us know when you have so we can share next steps.
1239838227185446912 2020-03-17 08:57:23 UTC <Google> Hi there. Just to confirm, are you still able to sign into your account? Let us know.
1239814183937609728 2020-03-17 07:21:50 UTC <Google> Hi Moshe. Just to confirm, have you already tried recovering your account using the steps here:  http://g.co/help/me623 ? These tips may help:  http://g.co/help/gqq63 . Let us know.
1239772796793782272 2020-03-17 04:37:23 UTC <Google> Hi there. Just to confirm, did you try resetting your password by completing the steps on this page:  http://g.co/help/me623 ? These tips may help:  http://g.co/help/gqq63 . Let us know.
1239771699807227904 2020-03-17 04:33:01 UTC <Google> Hi there. Without revealing your email address, tell us more about what's going on with your account. We'll see what we can do to help.
1239765063512272897 2020-03-17 04:06:39 UTC <Google> Let's see what we can do to help. Please follow us and let us know when you have so we can share next steps through DM.
1239758134429745157 2020-03-17 03:39:07 UTC <Google> こんにちは。Google One の通知配信を設定していると新しい特典が追加された際にメールをお届けすることがあります。現在利用できる特典は、Google One アプリ内 [特典] またはウェブサイトのメニュー内 [すべての特典を表示] よりご確認くださいね。 http://goo.gl/9P3Ypt 
1239754279935672320 2020-03-17 03:23:48 UTC <Google> Hi Enna. Just to confirm, have you already tried recovering your account using the steps here:  http://g.co/help/me623 ? These tips may help:  http://g.co/help/gqq63 . Let us know.
1239727239530512387 2020-03-17 01:36:21 UTC <Google> Hi there. Let's see what we can do to help. Please follow us and let us know when you have so we can share next steps through DM.
1239628071050915842 2020-03-16 19:02:17 UTC <Google> “I wanted to ignite a global sisterhood of inspirational women to promote courage, adventure, and unity, and do something that’s never been done before.” Meet Hayley Bell and fellow members of the #WomenRidersWorldRelay →  http://goo.gle/womenriders  #WRWR pic.twitter.com/JhkhsSksec
1239502467697709057 2020-03-16 10:43:11 UTC <Google> Hi Ajit. We'd like to move this conversation to DM. Please follow us and let us know when you have so we can share next steps.
1239476978815840256 2020-03-16 09:01:54 UTC <Google> Hi Guddoo. Let's see what we can do to help. Look out for a DM with next steps.
1239473443881603074 2020-03-16 08:47:51 UTC <Google> Glad to hear that! Feel free to reach out if you have any other Google Search questions in the future.
